dataset_name,--maps-and-filters argument,Reasons to remove
/gpfswork/rech/six/uty16tp/dataset/tokenization/bigscience-catalogue-lm-data/lm_ar_wikiversity_filtered/data,filter_wiki_user_titles filter_wiki_non_text_type,
bigscience-catalogue-lm-data/lm_ar_arabench,,
bigscience-catalogue-lm-data/lm_ar_qedcorpus,,
/gpfswork/rech/six/uty16tp/dataset/tokenization/bigscience-catalogue-lm-data/lm_ar_wikiquote_filtered/data,filter_wiki_user_titles filter_wiki_non_text_type,
/gpfswork/rech/six/uty16tp/dataset/tokenization/bigscience-catalogue-lm-data/lm_ar_wikibooks_filtered/data,filter_wiki_user_titles filter_wiki_non_text_type,
bigscience-catalogue-lm-data/lm_ar_habibi,,
/gpfswork/rech/six/uty16tp/dataset/tokenization/bigscience-catalogue-lm-data/lm_ar_wikinews_filtered/data,filter_wiki_user_titles filter_wiki_non_text_type,
bigscience-catalogue-lm-data/lm_ar_labr,,
/gpfswork/rech/six/uty16tp/dataset/tokenization/bigscience-catalogue-lm-data/lm_ar_wiktionary_filtered/data,filter_wiki_user_titles filter_wiki_non_text_type,
bigscience-catalogue-lm-data/lm_ar_opus100,,
bigscience-catalogue-lm-data/lm_ar_ted_talks_iwslt,,
bigscience-catalogue-lm-data/lm_ar_kalimat,replace_newline_with_space,
bigscience-catalogue-lm-data/lm_ar_osac,KILL,bad quality - unless find a fix
bigscience-catalogue-lm-data/lm_ar_brad_2,,
bigscience-catalogue-lm-data/lm_ar_ksucca,,
bigscience-catalogue-lm-data/lm_ar_sanad,remove_html_spans_sanad,
bigscience-catalogue-lm-data/lm_ar_tashkeela,,
/gpfswork/rech/six/uty16tp/dataset/tokenization/bigscience-catalogue-lm-data/lm_ar_wikisource_filtered/data,filter_wiki_user_titles filter_wiki_non_text_type,
/gpfswork/rech/six/uty16tp/dataset/tokenization/bigscience-catalogue-lm-data/lm_ar_pseudocrawl-filtered_595_mawdoo3_com,remove_lines_with_code,
bigscience-catalogue-lm-data/lm_ar_multi_un_2,,
/gpfswork/rech/six/uty16tp/dataset/tokenization/bigscience-catalogue-lm-data/lm_ar_wikipedia/data,filter_wiki_user_titles,
bigscience-catalogue-lm-data/lm_ar_open_subtitles,,
bigscience-catalogue-lm-data/lm_ar_uncorpus,,
bigscience-catalogue-lm-data/lm_ar_openiti_proc,remove_html_spans,
bigscience-catalogue-lm-data/lm_ar_arabic_billion_words,,
bigscience-catalogue-lm-data/lm_ar_openiti,KILL,Copy of bigscience-catalogue-lm-data/lm_ar_openiti_proc
bigscience-catalogue-lm-data/lm_ca_xquad_ca,,
bigscience-catalogue-lm-data/lm_ca_sts_ca,,
bigscience-catalogue-lm-data/lm_ca_vilaquad,,
bigscience-catalogue-lm-data/lm_ca_viquiquad,,
/gpfswork/rech/six/uty16tp/dataset/tokenization/bigscience-catalogue-lm-data/lm_ca_wikimedia_filtered/data,filter_wiki_user_titles filter_wiki_non_text_type,
bigscience-catalogue-lm-data/lm_ca_enriched_conllu_ancora_for_ml_training,,
bigscience-catalogue-lm-data/lm_ca_teca,,
/gpfswork/rech/six/uty16tp/dataset/tokenization/bigscience-catalogue-lm-data/lm_ca_wikiquote_filtered/data,filter_wiki_user_titles filter_wiki_non_text_type,
bigscience-catalogue-lm-data/lm_ca_ted_talks_iwslt,,
/gpfswork/rech/six/uty16tp/dataset/tokenization/bigscience-catalogue-lm-data/lm_ca_wikibooks_filtered/data,filter_wiki_user_titles filter_wiki_non_text_type,
/gpfswork/rech/six/uty16tp/dataset/tokenization/bigscience-catalogue-lm-data/lm_ca_wikinews_filtered/data,filter_wiki_user_titles filter_wiki_non_text_type,
bigscience-catalogue-lm-data/lm_ca_open_subtitles,,
bigscience-catalogue-lm-data/lm_ca_tv3_parla,,
bigscience-catalogue-lm-data/lm_ca_opus100,,
bigscience-catalogue-lm-data/lm_ca_parlament_parla,,
bigscience-catalogue-lm-data/lm_ca_ca_text_corpus,,
/gpfswork/rech/six/uty16tp/dataset/tokenization/bigscience-catalogue-lm-data/lm_ca_wikisource_filtered/data,filter_wiki_user_titles filter_wiki_non_text_type,
/gpfswork/rech/six/uty16tp/dataset/tokenization/bigscience-catalogue-lm-data/lm_ca_wiktionary_filtered/data,filter_wiki_user_titles filter_wiki_non_text_type,
bigscience-catalogue-lm-data/lm_ca_catalan_government_crawling,,
bigscience-catalogue-lm-data/lm_ca_tecla,,
/gpfswork/rech/six/uty16tp/dataset/tokenization/bigscience-catalogue-lm-data/lm_ca_wikipedia/data,filter_wiki_user_titles,
bigscience-catalogue-lm-data/lm_ca_catalan_general_crawling,,
bigscience-catalogue-lm-data/lm_ca_catalan_textual_corpus,,
bigscience-catalogue-lm-data/lm_en_book_dash_books,,
bigscience-catalogue-lm-data/lm_en_scielo,,
bigscience-catalogue-lm-data/lm_en_odiencorp,,
bigscience-catalogue-lm-data/lm_en_bloom,,
/gpfswork/rech/six/uty16tp/dataset/tokenization/bigscience-catalogue-lm-data/lm_en_pseudocrawl-filtered_339_www_actasanitaria_com,remove_lines_with_code,
/gpfswork/rech/six/uty16tp/dataset/tokenization/bigscience-catalogue-lm-data/lm_en_pseudocrawl-filtered_488_dailyvanity_sg,remove_lines_with_code,
/gpfswork/rech/six/uty16tp/dataset/tokenization/bigscience-catalogue-lm-data/lm_en_pseudocrawl-filtered_500_www_asiaone_com_singapore,remove_lines_with_code,
bigscience-catalogue-lm-data/lm_en_ted_talks_iwslt,,
/gpfswork/rech/six/uty16tp/dataset/tokenization/bigscience-catalogue-lm-data/lm_en_pseudocrawl-filtered_483_alvinology_com,remove_lines_with_code,
/gpfswork/rech/six/uty16tp/dataset/tokenization/bigscience-catalogue-lm-data/lm_en_pseudocrawl-filtered_502_www_ricemedia_co,remove_lines_with_code,
/gpfswork/rech/six/uty16tp/dataset/tokenization/bigscience-catalogue-lm-data/lm_en_wikinews_filtered/data,filter_wiki_user_titles filter_wiki_non_text_type,
/gpfswork/rech/six/uty16tp/dataset/tokenization/bigscience-catalogue-lm-data/lm_en_pseudocrawl-filtered_619_www_qut_edu_au,remove_lines_with_code,
/gpfswork/rech/six/uty16tp/dataset/tokenization/bigscience-catalogue-lm-data/lm_en_pseudocrawl-filtered_499_www_today_com_news,remove_lines_with_code,
/gpfswork/rech/six/uty16tp/dataset/tokenization/bigscience-catalogue-lm-data/lm_en_pseudocrawl-filtered_492_www_vivawoman_net,remove_lines_with_code,
/gpfswork/rech/six/uty16tp/dataset/tokenization/bigscience-catalogue-lm-data/lm_en_pseudocrawl-filtered_485_blog_moneysmart_sg,remove_lines_with_code,
/gpfswork/rech/six/uty16tp/dataset/tokenization/bigscience-catalogue-lm-data/lm_en_pseudocrawl-filtered_548_remezcla_com,remove_lines_with_code,
bigscience-catalogue-lm-data/lm_en_qedcorpus,,
/gpfswork/rech/six/uty16tp/dataset/tokenization/bigscience-catalogue-lm-data/lm_en_pseudocrawl-filtered_696_www_oercommons_org,remove_lines_with_code,
/gpfswork/rech/six/uty16tp/dataset/tokenization/bigscience-catalogue-lm-data/lm_en_pseudocrawl-filtered_470_forums_hardwarezone_com_sg,remove_lines_with_code,
/gpfswork/rech/six/uty16tp/dataset/tokenization/bigscience-catalogue-lm-data/lm_en_pseudocrawl-filtered_395_www_evwind_es,remove_lines_with_code,
/gpfswork/rech/six/uty16tp/dataset/tokenization/bigscience-catalogue-lm-data/lm_en_pseudocrawl-filtered_534_www_nairaland_com,remove_lines_with_code,
/gpfswork/rech/six/uty16tp/dataset/tokenization/bigscience-catalogue-lm-data/lm_en_pseudocrawl-filtered_159_www_postcrescent_com,remove_lines_with_code,
/gpfswork/rech/six/uty16tp/dataset/tokenization/bigscience-catalogue-lm-data/lm_en_pseudocrawl-filtered_487_thesmartlocal_com,remove_lines_with_code,
/gpfswork/rech/six/uty16tp/dataset/tokenization/bigscience-catalogue-lm-data/lm_en_wikivoyage_filtered/data,filter_wiki_user_titles filter_wiki_non_text_type,
/gpfswork/rech/six/uty16tp/dataset/tokenization/bigscience-catalogue-lm-data/lm_en_wikiversity_filtered/data,filter_wiki_user_titles filter_wiki_non_text_type,
/gpfswork/rech/six/uty16tp/dataset/tokenization/bigscience-catalogue-lm-data/lm_en_pseudocrawl-filtered_501_theindependent_sg,remove_lines_with_code,
bigscience-catalogue-lm-data/lm_en_the_pile_europarl,,
bigscience-catalogue-lm-data/lm_en_royal_society_corpus,,
/gpfswork/rech/six/uty16tp/dataset/tokenization/bigscience-catalogue-lm-data/lm_en_wikiquote_filtered/data,filter_wiki_user_titles filter_wiki_non_text_type,
/gpfswork/rech/six/uty16tp/dataset/tokenization/bigscience-catalogue-lm-data/lm_en_pseudocrawl-filtered_304_www_semana_com,remove_lines_with_code,
/gpfswork/rech/six/uty16tp/dataset/tokenization/bigscience-catalogue-lm-data/lm_en_pseudocrawl-filtered_498_www_channelnewsasia_com,remove_lines_with_code,
/gpfswork/rech/six/uty16tp/dataset/tokenization/bigscience-catalogue-lm-data/lm_en_wikibooks_filtered/data,filter_wiki_user_titles filter_wiki_non_text_type,
/gpfswork/rech/six/uty16tp/dataset/tokenization/bigscience-catalogue-lm-data/lm_en_pseudocrawl-filtered_638_globalvoices_org,remove_lines_with_code,
/gpfswork/rech/six/uty16tp/dataset/tokenization/bigscience-catalogue-lm-data/lm_en_pseudocrawl-filtered_497_www_straitstimes_com,remove_lines_with_code,
/gpfswork/rech/six/uty16tp/dataset/tokenization/bigscience-catalogue-lm-data/lm_en_pseudocrawl-filtered_510_timesofindia_indiatimes_com,remove_lines_with_code,
bigscience-catalogue-lm-data/lm_en_multi_un_2,,
/gpfswork/rech/six/uty16tp/dataset/tokenization/bigscience-catalogue-lm-data/lm_en_pseudocrawl-filtered_689_www_abc_net_au,remove_lines_with_code,
/gpfswork/rech/six/uty16tp/dataset/tokenization/bigscience-catalogue-lm-data/lm_en_wiktionary_filtered/data,filter_wiki_user_titles filter_wiki_non_text_type,
bigscience-catalogue-lm-data/lm_en_uncorpus,,
/gpfswork/rech/six/uty16tp/dataset/tokenization/bigscience-catalogue-lm-data/lm_en_no_code_stackexchange/data,,
/gpfswork/rech/six/uty16tp/dataset/tokenization/bigscience-catalogue-lm-data/lm_en_wikipedia/data,filter_wiki_user_titles,
bigscience-catalogue-lm-data/lm_en_open_subtitles,,
bigscience-catalogue-lm-data/lm_en_project_gutenberg,,
bigscience-catalogue-lm-data/lm_en_the_pile_uspto,,
/gpfswork/rech/six/uty16tp/dataset/tokenization/bigscience-catalogue-lm-data/lm_en_s2orc_ai2_abstracts/data,KILL,Included in s2orc
bigscience-catalogue-lm-data/lm_en_pmc,KILL,Included in s2orc
bigscience-catalogue-lm-data/lm_en_arxiv,KILL,Included in s2orc
/gpfswork/rech/six/uty16tp/dataset/tokenization/bigscience-catalogue-lm-data/lm_en_s2orc_ai2_pdf_parses/data,,
bigscience-catalogue-lm-data/lm_es_bloom,,
/gpfswork/rech/six/uty16tp/dataset/tokenization/bigscience-catalogue-lm-data/lm_es_wikiversity_filtered/data,filter_wiki_user_titles filter_wiki_non_text_type,
/gpfswork/rech/six/uty16tp/dataset/tokenization/bigscience-catalogue-lm-data/lm_es_wikiquote_filtered/data,filter_wiki_user_titles filter_wiki_non_text_type,
bigscience-catalogue-lm-data/lm_es_scielo,,
bigscience-catalogue-lm-data/lm_es_qedcorpus,,
/gpfswork/rech/six/uty16tp/dataset/tokenization/bigscience-catalogue-lm-data/lm_es_wikinews_filtered/data,filter_wiki_user_titles filter_wiki_non_text_type,
/gpfswork/rech/six/uty16tp/dataset/tokenization/bigscience-catalogue-lm-data/lm_es_wikivoyage_filtered/data,filter_wiki_user_titles filter_wiki_non_text_type,
bigscience-catalogue-lm-data/lm_es_ted_talks_iwslt,,
/gpfswork/rech/six/uty16tp/dataset/tokenization/bigscience-catalogue-lm-data/lm_es_wikibooks_filtered/data,filter_wiki_user_titles filter_wiki_non_text_type,
/gpfswork/rech/six/uty16tp/dataset/tokenization/bigscience-catalogue-lm-data/lm_es_pseudocrawl-filtered_244_www_df_cl,remove_lines_with_code,
/gpfswork/rech/six/uty16tp/dataset/tokenization/bigscience-catalogue-lm-data/lm_es_pseudocrawl-filtered_62_www_lapagina_com_sv,remove_lines_with_code,
/gpfswork/rech/six/uty16tp/dataset/tokenization/bigscience-catalogue-lm-data/lm_es_pseudocrawl-filtered_280_salamancartvaldia_es,remove_lines_with_code,
/gpfswork/rech/six/uty16tp/dataset/tokenization/bigscience-catalogue-lm-data/lm_es_pseudocrawl-filtered_32_www_elexpresso_com,remove_lines_with_code,
/gpfswork/rech/six/uty16tp/dataset/tokenization/bigscience-catalogue-lm-data/lm_es_pseudocrawl-filtered_30_www_radiocable_com,remove_lines_with_code,
/gpfswork/rech/six/uty16tp/dataset/tokenization/bigscience-catalogue-lm-data/lm_es_pseudocrawl-filtered_158_www_diariodeleon_es,remove_lines_with_code,
/gpfswork/rech/six/uty16tp/dataset/tokenization/bigscience-catalogue-lm-data/lm_es_pseudocrawl-filtered_219_www_aguasresiduales_info,remove_lines_with_code,
/gpfswork/rech/six/uty16tp/dataset/tokenization/bigscience-catalogue-lm-data/lm_es_pseudocrawl-filtered_153_financialfood_es,remove_lines_with_code,
/gpfswork/rech/six/uty16tp/dataset/tokenization/bigscience-catalogue-lm-data/lm_es_pseudocrawl-filtered_56_www_eluniverso_com,remove_lines_with_code,
/gpfswork/rech/six/uty16tp/dataset/tokenization/bigscience-catalogue-lm-data/lm_es_pseudocrawl-filtered_207_elimpulso_com,remove_lines_with_code,
/gpfswork/rech/six/uty16tp/dataset/tokenization/bigscience-catalogue-lm-data/lm_es_pseudocrawl-filtered_125_www_noticiasde_es,remove_lines_with_code,
/gpfswork/rech/six/uty16tp/dataset/tokenization/bigscience-catalogue-lm-data/lm_es_pseudocrawl-filtered_420_www_retema_es,remove_lines_with_code,
/gpfswork/rech/six/uty16tp/dataset/tokenization/bigscience-catalogue-lm-data/lm_es_pseudocrawl-filtered_374_www_talcualdigital_com,remove_lines_with_code,
/gpfswork/rech/six/uty16tp/dataset/tokenization/bigscience-catalogue-lm-data/lm_es_pseudocrawl-filtered_182_correodelsur_com,remove_lines_with_code,
/gpfswork/rech/six/uty16tp/dataset/tokenization/bigscience-catalogue-lm-data/lm_es_pseudocrawl-filtered_118_www_elheraldo_hn,remove_lines_with_code,
/gpfswork/rech/six/uty16tp/dataset/tokenization/bigscience-catalogue-lm-data/lm_es_pseudocrawl-filtered_386_www_prensalibre_com,remove_lines_with_code,
/gpfswork/rech/six/uty16tp/dataset/tokenization/bigscience-catalogue-lm-data/lm_es_pseudocrawl-filtered_233_www_dinero_com,remove_lines_with_code,
/gpfswork/rech/six/uty16tp/dataset/tokenization/bigscience-catalogue-lm-data/lm_es_pseudocrawl-filtered_254_diario_mx,remove_lines_with_code,
/gpfswork/rech/six/uty16tp/dataset/tokenization/bigscience-catalogue-lm-data/lm_es_pseudocrawl-filtered_294_www_laopinion_com_co,remove_lines_with_code,
bigscience-catalogue-lm-data/lm_es_project_gutenberg,remove_lines_with_code,
/gpfswork/rech/six/uty16tp/dataset/tokenization/bigscience-catalogue-lm-data/lm_es_pseudocrawl-filtered_23_www_elconfidencialdigital_com,remove_lines_with_code,
/gpfswork/rech/six/uty16tp/dataset/tokenization/bigscience-catalogue-lm-data/lm_es_pseudocrawl-filtered_286_www_nacion_com,remove_lines_with_code,
/gpfswork/rech/six/uty16tp/dataset/tokenization/bigscience-catalogue-lm-data/lm_es_pseudocrawl-filtered_422_www_formulatv_com,remove_lines_with_code,
/gpfswork/rech/six/uty16tp/dataset/tokenization/bigscience-catalogue-lm-data/lm_es_pseudocrawl-filtered_417_www_radiolaprimerisima_com,remove_lines_with_code,
/gpfswork/rech/six/uty16tp/dataset/tokenization/bigscience-catalogue-lm-data/lm_es_pseudocrawl-filtered_406_www_americaeconomia_com,remove_lines_with_code,
/gpfswork/rech/six/uty16tp/dataset/tokenization/bigscience-catalogue-lm-data/lm_es_pseudocrawl-filtered_367_elcorreoweb_es,remove_lines_with_code,
/gpfswork/rech/six/uty16tp/dataset/tokenization/bigscience-catalogue-lm-data/lm_es_pseudocrawl-filtered_276_radio_uchile_cl,remove_lines_with_code,
/gpfswork/rech/six/uty16tp/dataset/tokenization/bigscience-catalogue-lm-data/lm_es_pseudocrawl-filtered_231_ojo_pe,remove_lines_with_code,
/gpfswork/rech/six/uty16tp/dataset/tokenization/bigscience-catalogue-lm-data/lm_es_pseudocrawl-filtered_223_www_eltambor_es,remove_lines_with_code,
/gpfswork/rech/six/uty16tp/dataset/tokenization/bigscience-catalogue-lm-data/lm_es_pseudocrawl-filtered_325_www_laprensa_hn,remove_lines_with_code,
/gpfswork/rech/six/uty16tp/dataset/tokenization/bigscience-catalogue-lm-data/lm_es_pseudocrawl-filtered_250_www_cooperativa_cl,remove_lines_with_code,
/gpfswork/rech/six/uty16tp/dataset/tokenization/bigscience-catalogue-lm-data/lm_es_pseudocrawl-filtered_246_www_eldiarionuevodia_com_ar,remove_lines_with_code,
/gpfswork/rech/six/uty16tp/dataset/tokenization/bigscience-catalogue-lm-data/lm_es_pseudocrawl-filtered_34_www_losandes_com_ar,remove_lines_with_code,
bigscience-catalogue-lm-data/lm_es_the_pile_europarl,,
/gpfswork/rech/six/uty16tp/dataset/tokenization/bigscience-catalogue-lm-data/lm_es_pseudocrawl-filtered_277_www_entornointeligente_com,remove_lines_with_code,
/gpfswork/rech/six/uty16tp/dataset/tokenization/bigscience-catalogue-lm-data/lm_es_pseudocrawl-filtered_172_www_rionegro_com_ar,remove_lines_with_code,
/gpfswork/rech/six/uty16tp/dataset/tokenization/bigscience-catalogue-lm-data/lm_es_pseudocrawl-filtered_167_www_ambientum_com,remove_lines_with_code,
/gpfswork/rech/six/uty16tp/dataset/tokenization/bigscience-catalogue-lm-data/lm_es_pseudocrawl-filtered_21_www_elperiodicodearagon_com,remove_lines_with_code,
/gpfswork/rech/six/uty16tp/dataset/tokenization/bigscience-catalogue-lm-data/lm_es_pseudocrawl-filtered_116_www_latribuna_hn,remove_lines_with_code,
/gpfswork/rech/six/uty16tp/dataset/tokenization/bigscience-catalogue-lm-data/lm_es_pseudocrawl-filtered_53_www_expreso_ec,remove_lines_with_code,
/gpfswork/rech/six/uty16tp/dataset/tokenization/bigscience-catalogue-lm-data/lm_es_pseudocrawl-filtered_404_www_telam_com_ar,remove_lines_with_code,
/gpfswork/rech/six/uty16tp/dataset/tokenization/bigscience-catalogue-lm-data/lm_es_pseudocrawl-filtered_315_lasillavacia_com,remove_lines_with_code,
/gpfswork/rech/six/uty16tp/dataset/tokenization/bigscience-catalogue-lm-data/lm_es_pseudocrawl-filtered_431_www_elperiodicoextremadura_com,remove_lines_with_code,
/gpfswork/rech/six/uty16tp/dataset/tokenization/bigscience-catalogue-lm-data/lm_es_pseudocrawl-filtered_91_www_diario26_com,remove_lines_with_code,
/gpfswork/rech/six/uty16tp/dataset/tokenization/bigscience-catalogue-lm-data/lm_es_pseudocrawl-filtered_392_www_muypymes_com,remove_lines_with_code,
/gpfswork/rech/six/uty16tp/dataset/tokenization/bigscience-catalogue-lm-data/lm_es_pseudocrawl-filtered_169_www_el_carabobeno_com,remove_lines_with_code,
/gpfswork/rech/six/uty16tp/dataset/tokenization/bigscience-catalogue-lm-data/lm_es_pseudocrawl-filtered_320_www_paginasiete_bo,remove_lines_with_code,
/gpfswork/rech/six/uty16tp/dataset/tokenization/bigscience-catalogue-lm-data/lm_es_pseudocrawl-filtered_90_peru_com,remove_lines_with_code,
/gpfswork/rech/six/uty16tp/dataset/tokenization/bigscience-catalogue-lm-data/lm_es_wiktionary_filtered/data,filter_wiki_user_titles filter_wiki_non_text_type,
/gpfswork/rech/six/uty16tp/dataset/tokenization/bigscience-catalogue-lm-data/lm_es_pseudocrawl-filtered_232_tn_com_ar,remove_lines_with_code,
/gpfswork/rech/six/uty16tp/dataset/tokenization/bigscience-catalogue-lm-data/lm_es_pseudocrawl-filtered_44_ladiaria_com_uy,remove_lines_with_code,
/gpfswork/rech/six/uty16tp/dataset/tokenization/bigscience-catalogue-lm-data/lm_es_pseudocrawl-filtered_220_www_vanguardia_com_mx,remove_lines_with_code,
/gpfswork/rech/six/uty16tp/dataset/tokenization/bigscience-catalogue-lm-data/lm_es_pseudocrawl-filtered_130_www_elperiodicomediterraneo_com,remove_lines_with_code,
/gpfswork/rech/six/uty16tp/dataset/tokenization/bigscience-catalogue-lm-data/lm_es_pseudocrawl-filtered_376_www_elpopular_com_ar,remove_lines_with_code,
/gpfswork/rech/six/uty16tp/dataset/tokenization/bigscience-catalogue-lm-data/lm_es_pseudocrawl-filtered_229_www_expansion_com,remove_lines_with_code,
/gpfswork/rech/six/uty16tp/dataset/tokenization/bigscience-catalogue-lm-data/lm_es_pseudocrawl-filtered_253_www_debate_com_mx,remove_lines_with_code,
/gpfswork/rech/six/uty16tp/dataset/tokenization/bigscience-catalogue-lm-data/lm_es_pseudocrawl-filtered_28_www_fayerwayer_com,remove_lines_with_code,
/gpfswork/rech/six/uty16tp/dataset/tokenization/bigscience-catalogue-lm-data/lm_es_pseudocrawl-filtered_78_www_listindiario_com,remove_lines_with_code,
/gpfswork/rech/six/uty16tp/dataset/tokenization/bigscience-catalogue-lm-data/lm_es_pseudocrawl-filtered_359_www_efeverde_com,remove_lines_with_code,
/gpfswork/rech/six/uty16tp/dataset/tokenization/bigscience-catalogue-lm-data/lm_es_pseudocrawl-filtered_256_www_laprovincia_es,remove_lines_with_code,
/gpfswork/rech/six/uty16tp/dataset/tokenization/bigscience-catalogue-lm-data/lm_es_pseudocrawl-filtered_226_www_ole_com_ar,remove_lines_with_code,
/gpfswork/rech/six/uty16tp/dataset/tokenization/bigscience-catalogue-lm-data/lm_es_pseudocrawl-filtered_317_diariocorreo_pe,remove_lines_with_code,
/gpfswork/rech/six/uty16tp/dataset/tokenization/bigscience-catalogue-lm-data/lm_es_pseudocrawl-filtered_165_www_ticbeat_com,remove_lines_with_code,
/gpfswork/rech/six/uty16tp/dataset/tokenization/bigscience-catalogue-lm-data/lm_es_pseudocrawl-filtered_401_www_elperiodicodemexico_com,remove_lines_with_code,
/gpfswork/rech/six/uty16tp/dataset/tokenization/bigscience-catalogue-lm-data/lm_es_pseudocrawl-filtered_675_www_elespectador_com,remove_lines_with_code,
/gpfswork/rech/six/uty16tp/dataset/tokenization/bigscience-catalogue-lm-data/lm_es_pseudocrawl-filtered_257_www_diaridetarragona_com,remove_lines_with_code,
/gpfswork/rech/six/uty16tp/dataset/tokenization/bigscience-catalogue-lm-data/lm_es_pseudocrawl-filtered_213_www_hola_com,remove_lines_with_code,
/gpfswork/rech/six/uty16tp/dataset/tokenization/bigscience-catalogue-lm-data/lm_es_pseudocrawl-filtered_203_www_que_es,remove_lines_with_code,
/gpfswork/rech/six/uty16tp/dataset/tokenization/bigscience-catalogue-lm-data/lm_es_pseudocrawl-filtered_405_www_emol_com,remove_lines_with_code,
/gpfswork/rech/six/uty16tp/dataset/tokenization/bigscience-catalogue-lm-data/lm_es_pseudocrawl-filtered_67_www_elpais_cr,remove_lines_with_code,
/gpfswork/rech/six/uty16tp/dataset/tokenization/bigscience-catalogue-lm-data/lm_es_pseudocrawl-filtered_430_www_eldiario_ec,remove_lines_with_code,
/gpfswork/rech/six/uty16tp/dataset/tokenization/bigscience-catalogue-lm-data/lm_es_pseudocrawl-filtered_324_gestion_pe,remove_lines_with_code,
/gpfswork/rech/six/uty16tp/dataset/tokenization/bigscience-catalogue-lm-data/lm_es_pseudocrawl-filtered_288_www_marca_com,remove_lines_with_code,
/gpfswork/rech/six/uty16tp/dataset/tokenization/bigscience-catalogue-lm-data/lm_es_pseudocrawl-filtered_71_www_rtve_es,remove_lines_with_code,
/gpfswork/rech/six/uty16tp/dataset/tokenization/bigscience-catalogue-lm-data/lm_es_pseudocrawl-filtered_381_www_cuartopoder_es,remove_lines_with_code,
/gpfswork/rech/six/uty16tp/dataset/tokenization/bigscience-catalogue-lm-data/lm_es_pseudocrawl-filtered_209_misionesonline_net,remove_lines_with_code,
/gpfswork/rech/six/uty16tp/dataset/tokenization/bigscience-catalogue-lm-data/lm_es_pseudocrawl-filtered_86_www_motorpasion_com,remove_lines_with_code,
/gpfswork/rech/six/uty16tp/dataset/tokenization/bigscience-catalogue-lm-data/lm_es_pseudocrawl-filtered_373_www_farodevigo_es,remove_lines_with_code,
/gpfswork/rech/six/uty16tp/dataset/tokenization/bigscience-catalogue-lm-data/lm_es_pseudocrawl-filtered_287_www_cibercuba_com,remove_lines_with_code,
/gpfswork/rech/six/uty16tp/dataset/tokenization/bigscience-catalogue-lm-data/lm_es_pseudocrawl-filtered_249_www_telecinco_es,remove_lines_with_code,
/gpfswork/rech/six/uty16tp/dataset/tokenization/bigscience-catalogue-lm-data/lm_es_pseudocrawl-filtered_79_www_laopiniondemurcia_es,remove_lines_with_code,
/gpfswork/rech/six/uty16tp/dataset/tokenization/bigscience-catalogue-lm-data/lm_es_pseudocrawl-filtered_299_www_lne_es,remove_lines_with_code,
/gpfswork/rech/six/uty16tp/dataset/tokenization/bigscience-catalogue-lm-data/lm_es_pseudocrawl-filtered_641_es_globalvoices_org,remove_lines_with_code,
/gpfswork/rech/six/uty16tp/dataset/tokenization/bigscience-catalogue-lm-data/lm_es_pseudocrawl-filtered_58_www_levante_emv_com,remove_lines_with_code,
/gpfswork/rech/six/uty16tp/dataset/tokenization/bigscience-catalogue-lm-data/lm_es_pseudocrawl-filtered_157_www_elsoldemexico_com_mx,remove_lines_with_code,
/gpfswork/rech/six/uty16tp/dataset/tokenization/bigscience-catalogue-lm-data/lm_es_pseudocrawl-filtered_237_www_cronista_com,remove_lines_with_code,
/gpfswork/rech/six/uty16tp/dataset/tokenization/bigscience-catalogue-lm-data/lm_es_pseudocrawl-filtered_245_www_noticiasdenavarra_com,remove_lines_with_code,
/gpfswork/rech/six/uty16tp/dataset/tokenization/bigscience-catalogue-lm-data/lm_es_pseudocrawl-filtered_518_www_elcolombiano_com,remove_lines_with_code,
/gpfswork/rech/six/uty16tp/dataset/tokenization/bigscience-catalogue-lm-data/lm_es_pseudocrawl-filtered_248_www_telesurtv_net,remove_lines_with_code,
/gpfswork/rech/six/uty16tp/dataset/tokenization/bigscience-catalogue-lm-data/lm_es_wikisource_filtered/data,filter_wiki_user_titles filter_wiki_non_text_type,
/gpfswork/rech/six/uty16tp/dataset/tokenization/bigscience-catalogue-lm-data/lm_es_pseudocrawl-filtered_136_valenciaplaza_com,remove_lines_with_code,
/gpfswork/rech/six/uty16tp/dataset/tokenization/bigscience-catalogue-lm-data/lm_es_pseudocrawl-filtered_103_www_elmostrador_cl,remove_lines_with_code,
/gpfswork/rech/six/uty16tp/dataset/tokenization/bigscience-catalogue-lm-data/lm_es_pseudocrawl-filtered_189_www_eleconomista_com_mx,remove_lines_with_code,
/gpfswork/rech/six/uty16tp/dataset/tokenization/bigscience-catalogue-lm-data/lm_es_pseudocrawl-filtered_429_cadenaser_com,remove_lines_with_code,
/gpfswork/rech/six/uty16tp/dataset/tokenization/bigscience-catalogue-lm-data/lm_es_pseudocrawl-filtered_146_www_perfil_com,remove_lines_with_code,
/gpfswork/rech/six/uty16tp/dataset/tokenization/bigscience-catalogue-lm-data/lm_es_pseudocrawl-filtered_215_www_lainformacion_com,remove_lines_with_code,
/gpfswork/rech/six/uty16tp/dataset/tokenization/bigscience-catalogue-lm-data/lm_es_pseudocrawl-filtered_198_www_eleconomista_es,remove_lines_with_code,
/gpfswork/rech/six/uty16tp/dataset/tokenization/bigscience-catalogue-lm-data/lm_es_pseudocrawl-filtered_409_www_proceso_com_mx,remove_lines_with_code,
/gpfswork/rech/six/uty16tp/dataset/tokenization/bigscience-catalogue-lm-data/lm_es_pseudocrawl-filtered_263_www_lasexta_com,remove_lines_with_code,
/gpfswork/rech/six/uty16tp/dataset/tokenization/bigscience-catalogue-lm-data/lm_es_pseudocrawl-filtered_354_www_lagaceta_com_ar,remove_lines_with_code,
/gpfswork/rech/six/uty16tp/dataset/tokenization/bigscience-catalogue-lm-data/lm_es_pseudocrawl-filtered_181_noticiassin_com,remove_lines_with_code,
/gpfswork/rech/six/uty16tp/dataset/tokenization/bigscience-catalogue-lm-data/lm_es_pseudocrawl-filtered_267_www_elperiodico_com_es,remove_lines_with_code,
/gpfswork/rech/six/uty16tp/dataset/tokenization/bigscience-catalogue-lm-data/lm_es_pseudocrawl-filtered_211_www_elcomercio_com,remove_lines_with_code,
/gpfswork/rech/six/uty16tp/dataset/tokenization/bigscience-catalogue-lm-data/lm_es_pseudocrawl-filtered_349_www_eltiempo_com,remove_lines_with_code,
/gpfswork/rech/six/uty16tp/dataset/tokenization/bigscience-catalogue-lm-data/lm_es_pseudocrawl-filtered_333_www_elmundo_es,remove_lines_with_code,
/gpfswork/rech/six/uty16tp/dataset/tokenization/bigscience-catalogue-lm-data/lm_es_pseudocrawl-filtered_255_elcomercio_pe,remove_lines_with_code,
/gpfswork/rech/six/uty16tp/dataset/tokenization/bigscience-catalogue-lm-data/lm_es_pseudocrawl-filtered_63_www_lanacion_com_ar,remove_lines_with_code,
/gpfswork/rech/six/uty16tp/dataset/tokenization/bigscience-catalogue-lm-data/lm_es_pseudocrawl-filtered_424_www_lavanguardia_com,remove_lines_with_code,
bigscience-catalogue-lm-data/lm_es_multi_un_2,,
/gpfswork/rech/six/uty16tp/dataset/tokenization/bigscience-catalogue-lm-data/lm_es_pseudocrawl-filtered_20_www_clarin_com,remove_lines_with_code,
/gpfswork/rech/six/uty16tp/dataset/tokenization/bigscience-catalogue-lm-data/lm_es_wikipedia/data,filter_wiki_user_titles,
/gpfswork/rech/six/uty16tp/dataset/tokenization/bigscience-catalogue-lm-data/lm_es_pseudocrawl-filtered_341_es_cointelegraph_com,remove_lines_with_code,
/gpfswork/rech/six/uty16tp/dataset/tokenization/bigscience-catalogue-lm-data/lm_es_pseudocrawl-filtered_396_www_eldiario_es,remove_lines_with_code,
/gpfswork/rech/six/uty16tp/dataset/tokenization/bigscience-catalogue-lm-data/lm_es_pseudocrawl-filtered_100_www_aporrea_org,remove_lines_with_code,
bigscience-catalogue-lm-data/lm_es_uncorpus,,
bigscience-catalogue-lm-data/lm_es_open_subtitles,,
/gpfswork/rech/six/uty16tp/dataset/tokenization/bigscience-catalogue-lm-data/lm_eu_wikiquote_filtered/data,filter_wiki_user_titles filter_wiki_non_text_type,
bigscience-catalogue-lm-data/lm_eu_ted_talks_iwslt,,
/gpfswork/rech/six/uty16tp/dataset/tokenization/bigscience-catalogue-lm-data/lm_eu_wikibooks_filtered/data,filter_wiki_user_titles filter_wiki_non_text_type,
/gpfswork/rech/six/uty16tp/dataset/tokenization/bigscience-catalogue-lm-data/lm_eu_wiktionary_filtered/data,filter_wiki_user_titles filter_wiki_non_text_type,
bigscience-catalogue-lm-data/lm_eu_open_subtitles,,
/gpfswork/rech/six/uty16tp/dataset/tokenization/bigscience-catalogue-lm-data/lm_eu_wikisource_filtered/data,filter_wiki_user_titles filter_wiki_non_text_type,
bigscience-catalogue-lm-data/lm_eu_opus100,,
/gpfswork/rech/six/uty16tp/dataset/tokenization/bigscience-catalogue-lm-data/lm_eu_pseudocrawl-filtered_563_ahotsak_eus,remove_lines_with_code,
/gpfswork/rech/six/uty16tp/dataset/tokenization/bigscience-catalogue-lm-data/lm_eu_pseudocrawl-filtered_506_goiena_eus,remove_lines_with_code,
/gpfswork/rech/six/uty16tp/dataset/tokenization/bigscience-catalogue-lm-data/lm_eu_pseudocrawl-filtered_637_www_argia_eus,remove_lines_with_code,
/gpfswork/rech/six/uty16tp/dataset/tokenization/bigscience-catalogue-lm-data/lm_eu_pseudocrawl-filtered_635_www_berria_eus,remove_lines_with_code,
/gpfswork/rech/six/uty16tp/dataset/tokenization/bigscience-catalogue-lm-data/lm_eu_wikipedia/data,filter_wiki_user_titles,
bigscience-catalogue-lm-data/lm_eu_bsbasque,,
bigscience-catalogue-lm-data/lm_fr_book_dash_books,,
bigscience-catalogue-lm-data/lm_fr_bloom,,
bigscience-catalogue-lm-data/lm_fr_qedcorpus,,
bigscience-catalogue-lm-data/lm_fr_ester,,
/gpfswork/rech/six/uty16tp/dataset/tokenization/bigscience-catalogue-lm-data/lm_fr_wikiquote_filtered/data,filter_wiki_user_titles filter_wiki_non_text_type,
/gpfswork/rech/six/uty16tp/dataset/tokenization/bigscience-catalogue-lm-data/lm_fr_wikivoyage_filtered/data,filter_wiki_user_titles filter_wiki_non_text_type,
/gpfswork/rech/six/uty16tp/dataset/tokenization/bigscience-catalogue-lm-data/lm_fr_wikinews_filtered/data,filter_wiki_user_titles filter_wiki_non_text_type,
bigscience-catalogue-lm-data/lm_fr_ted_talks_iwslt,,
/gpfswork/rech/six/uty16tp/dataset/tokenization/bigscience-catalogue-lm-data/lm_fr_wikiversity_filtered/data,filter_wiki_user_titles filter_wiki_non_text_type,
/gpfswork/rech/six/uty16tp/dataset/tokenization/bigscience-catalogue-lm-data/lm_fr_wikibooks_filtered/data,filter_wiki_user_titles filter_wiki_non_text_type,
bigscience-catalogue-lm-data/lm_fr_the_pile_europarl,,
/gpfswork/rech/six/uty16tp/dataset/tokenization/bigscience-catalogue-lm-data/lm_fr_pseudocrawl-filtered_599_fr_globalvoices_org,remove_lines_with_code,
/gpfswork/rech/six/uty16tp/dataset/tokenization/bigscience-catalogue-lm-data/lm_fr_pseudocrawl-filtered_530_www_mediapart_fr,remove_lines_with_code,
bigscience-catalogue-lm-data/lm_fr_bnl_historical_newspapers,KILL,bad quality
bigscience-catalogue-lm-data/lm_fr_project_gutenberg,,
/gpfswork/rech/six/uty16tp/dataset/tokenization/bigscience-catalogue-lm-data/lm_fr_wiktionary_filtered/data,filter_wiki_user_titles filter_wiki_non_text_type,
bigscience-catalogue-lm-data/lm_fr_multi_un_2,,
/gpfswork/rech/six/uty16tp/dataset/tokenization/bigscience-catalogue-lm-data/lm_fr_wikipedia/data,filter_wiki_user_titles,
bigscience-catalogue-lm-data/lm_fr_open_subtitles,,
/gpfswork/rech/six/uty16tp/dataset/tokenization/bigscience-catalogue-lm-data/lm_fr_pseudocrawl-filtered_550_www_lemonde_fr,remove_lines_with_code,
bigscience-catalogue-lm-data/lm_fr_uncorpus,,
/gpfswork/rech/six/uty16tp/dataset/tokenization/bigscience-catalogue-lm-data/lm_fr_wikisource_filtered/data,filter_wiki_user_titles filter_wiki_non_text_type,
bigscience-catalogue-lm-data/lm_fr_hal_archives_ouvertes,,
bigscience-catalogue-lm-data/lm_id_indonesian_frog_storytelling_corpus,,
bigscience-catalogue-lm-data/lm_id_bloom,,
/gpfswork/rech/six/uty16tp/dataset/tokenization/bigscience-catalogue-lm-data/lm_id_wikiquote_filtered/data,filter_wiki_user_titles filter_wiki_non_text_type,
bigscience-catalogue-lm-data/lm_id_indonli,,
bigscience-catalogue-lm-data/lm_id_recibrew,,
/gpfswork/rech/six/uty16tp/dataset/tokenization/bigscience-catalogue-lm-data/lm_id_wikimedia_filtered/data,filter_wiki_user_titles filter_wiki_non_text_type,
/gpfswork/rech/six/uty16tp/dataset/tokenization/bigscience-catalogue-lm-data/lm_id_wikibooks_filtered/data,filter_wiki_user_titles filter_wiki_non_text_type,
bigscience-catalogue-lm-data/lm_id_ted_talks_iwslt,,
bigscience-catalogue-lm-data/lm_id_opus100,,
/gpfswork/rech/six/uty16tp/dataset/tokenization/bigscience-catalogue-lm-data/lm_id_wikisource_filtered/data,filter_wiki_user_titles filter_wiki_non_text_type,
bigscience-catalogue-lm-data/lm_id_indosum,,
/gpfswork/rech/six/uty16tp/dataset/tokenization/bigscience-catalogue-lm-data/lm_id_pseudocrawl-filtered_512_kumparan_com,remove_lines_with_code,
bigscience-catalogue-lm-data/lm_id_indonesian_news_corpus,,
/gpfswork/rech/six/uty16tp/dataset/tokenization/bigscience-catalogue-lm-data/lm_id_wiktionary_filtered/data,filter_wiki_user_titles filter_wiki_non_text_type,
/gpfswork/rech/six/uty16tp/dataset/tokenization/bigscience-catalogue-lm-data/lm_id_pseudocrawl-filtered_545_www_detik_com,remove_lines_with_code,
/gpfswork/rech/six/uty16tp/dataset/tokenization/bigscience-catalogue-lm-data/lm_id_wikipedia/data,filter_wiki_user_titles,
/gpfswork/rech/six/uty16tp/dataset/tokenization/bigscience-catalogue-lm-data/lm_id_pseudocrawl-filtered_549_www_cnnindonesia_com,remove_lines_with_code,
/gpfswork/rech/six/uty16tp/dataset/tokenization/bigscience-catalogue-lm-data/lm_id_pseudocrawl-filtered_572_tirto_id,remove_lines_with_code,
bigscience-catalogue-lm-data/lm_id_open_subtitles,,
/gpfswork/rech/six/uty16tp/dataset/tokenization/bigscience-catalogue-lm-data/lm_id_indonesian_news_articles_2017/data,,
bigscience-catalogue-lm-data/lm_id_indo4b,,
/gpfswork/rech/six/uty16tp/dataset/tokenization/bigscience-catalogue-lm-data/lm_indic-as_wiktionary_filtered/data,filter_wiki_user_titles filter_wiki_non_text_type,
bigscience-catalogue-lm-data/lm_indic-as_ted_talks_iwslt,,
bigscience-catalogue-lm-data/lm_indic-as_samanantar,,
bigscience-catalogue-lm-data/lm_indic-as_opus100,,
/gpfswork/rech/six/uty16tp/dataset/tokenization/bigscience-catalogue-lm-data/lm_indic-as_wikipedia/data,filter_wiki_user_titles,
/gpfswork/rech/six/uty16tp/dataset/tokenization/bigscience-catalogue-lm-data/lm_indic-as_wikisource_filtered/data,filter_wiki_user_titles filter_wiki_non_text_type,
bigscience-catalogue-lm-data/lm_indic-bn_bloom,,
bigscience-catalogue-lm-data/lm_indic-bn_mkb,,
/gpfswork/rech/six/uty16tp/dataset/tokenization/bigscience-catalogue-lm-data/lm_indic-bn_wikibooks_filtered/data,filter_wiki_user_titles filter_wiki_non_text_type,
bigscience-catalogue-lm-data/lm_indic-bn_bangla_sentiment_classification_datasets,,
bigscience-catalogue-lm-data/lm_indic-bn_ted_talks_iwslt,,
/gpfswork/rech/six/uty16tp/dataset/tokenization/bigscience-catalogue-lm-data/lm_indic-bn_wikivoyage_filtered/data,filter_wiki_user_titles filter_wiki_non_text_type,
/gpfswork/rech/six/uty16tp/dataset/tokenization/bigscience-catalogue-lm-data/lm_indic-bn_wiktionary_filtered/data,filter_wiki_user_titles filter_wiki_non_text_type,
bigscience-catalogue-lm-data/lm_indic-bn_bengali_question_answering,,
bigscience-catalogue-lm-data/lm_indic-bn_pib,,
bigscience-catalogue-lm-data/lm_indic-bn_open_subtitles,,
bigscience-catalogue-lm-data/lm_indic-bn_opus100,,
/gpfswork/rech/six/uty16tp/dataset/tokenization/bigscience-catalogue-lm-data/lm_indic-bn_wikipedia/data,filter_wiki_user_titles,
bigscience-catalogue-lm-data/lm_indic-bn_samanantar,,
bigscience-catalogue-lm-data/lm_indic-bn_indic_nlp_corpus,,
/gpfswork/rech/six/uty16tp/dataset/tokenization/bigscience-catalogue-lm-data/lm_indic-bn_wikisource_filtered/data,filter_wiki_user_titles filter_wiki_non_text_type,
bigscience-catalogue-lm-data/lm_indic-bn_bangla_lm,,
bigscience-catalogue-lm-data/lm_indic-gu_bloom,,
/gpfswork/rech/six/uty16tp/dataset/tokenization/bigscience-catalogue-lm-data/lm_indic-gu_wiktionary_filtered/data,filter_wiki_user_titles filter_wiki_non_text_type,
bigscience-catalogue-lm-data/lm_indic-gu_mkb,,
bigscience-catalogue-lm-data/lm_indic-gu_ted_talks_iwslt,,
/gpfswork/rech/six/uty16tp/dataset/tokenization/bigscience-catalogue-lm-data/lm_indic-gu_wikiquote_filtered/data,filter_wiki_user_titles filter_wiki_non_text_type,
bigscience-catalogue-lm-data/lm_indic-gu_pib,,
bigscience-catalogue-lm-data/lm_indic-gu_opus100,,
/gpfswork/rech/six/uty16tp/dataset/tokenization/bigscience-catalogue-lm-data/lm_indic-gu_wikipedia/data,filter_wiki_user_titles,
/gpfswork/rech/six/uty16tp/dataset/tokenization/bigscience-catalogue-lm-data/lm_indic-gu_wikisource_filtered/data,filter_wiki_user_titles filter_wiki_non_text_type,
bigscience-catalogue-lm-data/lm_indic-gu_samanantar,,
bigscience-catalogue-lm-data/lm_indic-gu_indic_nlp_corpus,,
/gpfswork/rech/six/uty16tp/dataset/tokenization/bigscience-catalogue-lm-data/lm_indic-hi_wikimedia_filtered/data,filter_wiki_user_titles filter_wiki_non_text_type,
bigscience-catalogue-lm-data/lm_indic-hi_bloom,,
bigscience-catalogue-lm-data/lm_indic-hi_mkb,,
/gpfswork/rech/six/uty16tp/dataset/tokenization/bigscience-catalogue-lm-data/lm_indic-hi_wikiversity_filtered/data,filter_wiki_user_titles filter_wiki_non_text_type,
/gpfswork/rech/six/uty16tp/dataset/tokenization/bigscience-catalogue-lm-data/lm_indic-hi_wikivoyage_filtered/data,filter_wiki_user_titles filter_wiki_non_text_type,
bigscience-catalogue-lm-data/lm_indic-hi_qedcorpus,,
/gpfswork/rech/six/uty16tp/dataset/tokenization/bigscience-catalogue-lm-data/lm_indic-hi_wikiquote_filtered/data,,
bigscience-catalogue-lm-data/lm_indic-hi_open_subtitles,,
bigscience-catalogue-lm-data/lm_indic-hi_ted_talks_iwslt,,
/gpfswork/rech/six/uty16tp/dataset/tokenization/bigscience-catalogue-lm-data/lm_indic-hi_wikibooks_filtered/data,,
bigscience-catalogue-lm-data/lm_indic-hi_opus100,,
/gpfswork/rech/six/uty16tp/dataset/tokenization/bigscience-catalogue-lm-data/lm_indic-hi_wiktionary_filtered/data,,
bigscience-catalogue-lm-data/lm_indic-hi_pib,,
/gpfswork/rech/six/uty16tp/dataset/tokenization/bigscience-catalogue-lm-data/lm_indic-hi_pseudocrawl-filtered_515_www_aajtak_in,remove_lines_with_code,
/gpfswork/rech/six/uty16tp/dataset/tokenization/bigscience-catalogue-lm-data/lm_indic-hi_wikipedia/data,filter_wiki_user_titles,
/gpfswork/rech/six/uty16tp/dataset/tokenization/bigscience-catalogue-lm-data/lm_indic-hi_wikisource_filtered/data,filter_wiki_user_titles filter_wiki_non_text_type,
/gpfswork/rech/six/uty16tp/dataset/tokenization/bigscience-catalogue-lm-data/lm_indic-hi_pseudocrawl-filtered_667_www_bhaskar_com,remove_lines_with_code,
bigscience-catalogue-lm-data/lm_indic-hi_samanantar,,
bigscience-catalogue-lm-data/lm_indic-hi_iitb_english_hindi_corpus,,
bigscience-catalogue-lm-data/lm_indic-hi_indic_nlp_corpus,,
bigscience-catalogue-lm-data/lm_indic-kn_bloom,,
bigscience-catalogue-lm-data/lm_indic-kn_ted_talks_iwslt,,
/gpfswork/rech/six/uty16tp/dataset/tokenization/bigscience-catalogue-lm-data/lm_indic-kn_wikiquote_filtered/data,filter_wiki_user_titles filter_wiki_non_text_type,
bigscience-catalogue-lm-data/lm_indic-kn_opus100,,
/gpfswork/rech/six/uty16tp/dataset/tokenization/bigscience-catalogue-lm-data/lm_indic-kn_wiktionary_filtered/data,filter_wiki_user_titles filter_wiki_non_text_type,
/gpfswork/rech/six/uty16tp/dataset/tokenization/bigscience-catalogue-lm-data/lm_indic-kn_wikipedia/data,filter_wiki_user_titles,
/gpfswork/rech/six/uty16tp/dataset/tokenization/bigscience-catalogue-lm-data/lm_indic-kn_wikisource_filtered/data,filter_wiki_user_titles filter_wiki_non_text_type remove_wiki_mojibake,
bigscience-catalogue-lm-data/lm_indic-kn_samanantar,,
bigscience-catalogue-lm-data/lm_indic-kn_indic_nlp_corpus,,
bigscience-catalogue-lm-data/lm_indic-ml_bloom,,
bigscience-catalogue-lm-data/lm_indic-ml_mkb,,
/gpfswork/rech/six/uty16tp/dataset/tokenization/bigscience-catalogue-lm-data/lm_indic-ml_wikibooks_filtered/data,filter_wiki_user_titles filter_wiki_non_text_type,
bigscience-catalogue-lm-data/lm_indic-ml_ted_talks_iwslt,,
/gpfswork/rech/six/uty16tp/dataset/tokenization/bigscience-catalogue-lm-data/lm_indic-ml_wikiquote_filtered/data,filter_wiki_user_titles filter_wiki_non_text_type,
bigscience-catalogue-lm-data/lm_indic-ml_pib,,
/gpfswork/rech/six/uty16tp/dataset/tokenization/bigscience-catalogue-lm-data/lm_indic-ml_wiktionary_filtered/data,filter_wiki_user_titles filter_wiki_non_text_type,
bigscience-catalogue-lm-data/lm_indic-ml_open_subtitles,,
bigscience-catalogue-lm-data/lm_indic-ml_opus100,,
/gpfswork/rech/six/uty16tp/dataset/tokenization/bigscience-catalogue-lm-data/lm_indic-ml_wikisource_filtered/data,filter_wiki_user_titles filter_wiki_non_text_type,
/gpfswork/rech/six/uty16tp/dataset/tokenization/bigscience-catalogue-lm-data/lm_indic-ml_wikipedia/data,filter_wiki_user_titles,
bigscience-catalogue-lm-data/lm_indic-ml_samanantar,,
bigscience-catalogue-lm-data/lm_indic-ml_indic_nlp_corpus,,
bigscience-catalogue-lm-data/lm_indic-mr_bloom,,
/gpfswork/rech/six/uty16tp/dataset/tokenization/bigscience-catalogue-lm-data/lm_indic-mr_wikiquote_filtered/data,filter_wiki_user_titles filter_wiki_non_text_type,
bigscience-catalogue-lm-data/lm_indic-mr_mkb,,
/gpfswork/rech/six/uty16tp/dataset/tokenization/bigscience-catalogue-lm-data/lm_indic-mr_wiktionary_filtered/data,filter_wiki_user_titles filter_wiki_non_text_type,
bigscience-catalogue-lm-data/lm_indic-mr_opus100,,
/gpfswork/rech/six/uty16tp/dataset/tokenization/bigscience-catalogue-lm-data/lm_indic-mr_wikibooks_filtered/data,filter_wiki_user_titles filter_wiki_non_text_type,
bigscience-catalogue-lm-data/lm_indic-mr_ted_talks_iwslt,,
bigscience-catalogue-lm-data/lm_indic-mr_pib,,
/gpfswork/rech/six/uty16tp/dataset/tokenization/bigscience-catalogue-lm-data/lm_indic-mr_wikipedia/data,filter_wiki_user_titles,
/gpfswork/rech/six/uty16tp/dataset/tokenization/bigscience-catalogue-lm-data/lm_indic-mr_wikisource_filtered/data,filter_wiki_user_titles filter_wiki_non_text_type,
bigscience-catalogue-lm-data/lm_indic-mr_samanantar,,
bigscience-catalogue-lm-data/lm_indic-mr_indic_nlp_corpus,,
bigscience-catalogue-lm-data/lm_indic-ne_unsupervised_cross_lingual_representation_learning_at_scale,,
bigscience-catalogue-lm-data/lm_indic-or_bloom,,
bigscience-catalogue-lm-data/lm_indic-or_mkb,,
bigscience-catalogue-lm-data/lm_indic-or_opus100,,
bigscience-catalogue-lm-data/lm_indic-or_odiencorp,,
bigscience-catalogue-lm-data/lm_indic-or_pib,,
/gpfswork/rech/six/uty16tp/dataset/tokenization/bigscience-catalogue-lm-data/lm_indic-or_wikisource_filtered/data,filter_wiki_user_titles filter_wiki_non_text_type,
/gpfswork/rech/six/uty16tp/dataset/tokenization/bigscience-catalogue-lm-data/lm_indic-or_wikipedia/data,filter_wiki_user_titles,
/gpfswork/rech/six/uty16tp/dataset/tokenization/bigscience-catalogue-lm-data/lm_indic-or_wiktionary_filtered/data,filter_wiki_user_titles filter_wiki_non_text_type,
bigscience-catalogue-lm-data/lm_indic-or_samanantar,,
bigscience-catalogue-lm-data/lm_indic-or_indic_nlp_corpus,,
bigscience-catalogue-lm-data/lm_indic-pa_ted_talks_iwslt,,
bigscience-catalogue-lm-data/lm_indic-pa_bloom,,
/gpfswork/rech/six/uty16tp/dataset/tokenization/bigscience-catalogue-lm-data/lm_indic-pa_wikibooks_filtered/data,filter_wiki_user_titles filter_wiki_non_text_type,
bigscience-catalogue-lm-data/lm_indic-pa_opus100,,
/gpfswork/rech/six/uty16tp/dataset/tokenization/bigscience-catalogue-lm-data/lm_indic-pa_wiktionary_filtered/data,filter_wiki_user_titles filter_wiki_non_text_type,
bigscience-catalogue-lm-data/lm_indic-pa_pib,,
/gpfswork/rech/six/uty16tp/dataset/tokenization/bigscience-catalogue-lm-data/lm_indic-pa_wikisource_filtered/data,filter_wiki_user_titles filter_wiki_non_text_type,
/gpfswork/rech/six/uty16tp/dataset/tokenization/bigscience-catalogue-lm-data/lm_indic-pa_wikipedia/data,filter_wiki_user_titles,
bigscience-catalogue-lm-data/lm_indic-pa_samanantar,,
bigscience-catalogue-lm-data/lm_indic-pa_indic_nlp_corpus,,
bigscience-catalogue-lm-data/lm_indic-ta_bloom,,
bigscience-catalogue-lm-data/lm_indic-ta_mkb,,
bigscience-catalogue-lm-data/lm_indic-ta_open_subtitles,,
/gpfswork/rech/six/uty16tp/dataset/tokenization/bigscience-catalogue-lm-data/lm_indic-ta_wikibooks_filtered/data,filter_wiki_user_titles filter_wiki_non_text_type,
/gpfswork/rech/six/uty16tp/dataset/tokenization/bigscience-catalogue-lm-data/lm_indic-ta_wikiquote_filtered/data,filter_wiki_user_titles filter_wiki_non_text_type,
bigscience-catalogue-lm-data/lm_indic-ta_ted_talks_iwslt,,
/gpfswork/rech/six/uty16tp/dataset/tokenization/bigscience-catalogue-lm-data/lm_indic-ta_wikinews_filtered/data,filter_wiki_user_titles filter_wiki_non_text_type,
bigscience-catalogue-lm-data/lm_indic-ta_pib,,
bigscience-catalogue-lm-data/lm_indic-ta_opus100,,
/gpfswork/rech/six/uty16tp/dataset/tokenization/bigscience-catalogue-lm-data/lm_indic-ta_wiktionary_filtered/data,filter_wiki_user_titles filter_wiki_non_text_type,
/gpfswork/rech/six/uty16tp/dataset/tokenization/bigscience-catalogue-lm-data/lm_indic-ta_wikipedia/data,filter_wiki_user_titles,
bigscience-catalogue-lm-data/lm_indic-ta_samanantar,,
/gpfswork/rech/six/uty16tp/dataset/tokenization/bigscience-catalogue-lm-data/lm_indic-ta_wikisource_filtered/data,filter_wiki_user_titles filter_wiki_non_text_type,
bigscience-catalogue-lm-data/lm_indic-ta_indic_nlp_corpus,,
bigscience-catalogue-lm-data/lm_indic-te_bloom,,
bigscience-catalogue-lm-data/lm_indic-te_mkb,,
bigscience-catalogue-lm-data/lm_indic-te_ted_talks_iwslt,,
/gpfswork/rech/six/uty16tp/dataset/tokenization/bigscience-catalogue-lm-data/lm_indic-te_wikiquote_filtered/data,filter_wiki_user_titles filter_wiki_non_text_type,
bigscience-catalogue-lm-data/lm_indic-te_open_subtitles,,
bigscience-catalogue-lm-data/lm_indic-te_opus100,,
/gpfswork/rech/six/uty16tp/dataset/tokenization/bigscience-catalogue-lm-data/lm_indic-te_wikibooks_filtered/data,filter_wiki_user_titles filter_wiki_non_text_type,
bigscience-catalogue-lm-data/lm_indic-te_pib,,
/gpfswork/rech/six/uty16tp/dataset/tokenization/bigscience-catalogue-lm-data/lm_indic-te_wiktionary_filtered/data,filter_wiki_user_titles filter_wiki_non_text_type,
/gpfswork/rech/six/uty16tp/dataset/tokenization/bigscience-catalogue-lm-data/lm_indic-te_wikisource_filtered/data,filter_wiki_user_titles filter_wiki_non_text_type,
/gpfswork/rech/six/uty16tp/dataset/tokenization/bigscience-catalogue-lm-data/lm_indic-te_wikipedia/data,filter_wiki_user_titles,
bigscience-catalogue-lm-data/lm_indic-te_samanantar,,
bigscience-catalogue-lm-data/lm_indic-te_indic_nlp_corpus,,
bigscience-catalogue-lm-data/lm_indic-ur_bloom,,
bigscience-catalogue-lm-data/lm_indic-ur_mkb,,
/gpfswork/rech/six/uty16tp/dataset/tokenization/bigscience-catalogue-lm-data/lm_indic-ur_wikiquote_filtered/data,filter_wiki_user_titles filter_wiki_non_text_type,
bigscience-catalogue-lm-data/lm_indic-ur_open_subtitles,,
bigscience-catalogue-lm-data/lm_indic-ur_ted_talks_iwslt,,
/gpfswork/rech/six/uty16tp/dataset/tokenization/bigscience-catalogue-lm-data/lm_indic-ur_wikibooks_filtered/data,filter_wiki_user_titles filter_wiki_non_text_type,
/gpfswork/rech/six/uty16tp/dataset/tokenization/bigscience-catalogue-lm-data/lm_indic-ur_wiktionary_filtered/data,filter_wiki_user_titles filter_wiki_non_text_type,
bigscience-catalogue-lm-data/lm_indic-ur_pib,,
bigscience-catalogue-lm-data/lm_indic-ur_opus100,,
/gpfswork/rech/six/uty16tp/dataset/tokenization/bigscience-catalogue-lm-data/lm_indic-ur_wikipedia/data,filter_wiki_user_titles,
bigscience-catalogue-lm-data/lm_indic-ur_leipzig_wortschatz_urdu_newscrawl_2016_sentences,,
bigscience-catalogue-lm-data/lm_indic-ur_urdu-monolingual-corpus,,
bigscience-catalogue-lm-data/lm_indic-ur_leipzig_wortschatz_urdu-pk_web_2019_sentences,,
bigscience-catalogue-lm-data/lm_pt_bloom,,
/gpfswork/rech/six/uty16tp/dataset/tokenization/bigscience-catalogue-lm-data/lm_pt_wikimedia_filtered/data,filter_wiki_user_titles filter_wiki_non_text_type,
/gpfswork/rech/six/uty16tp/dataset/tokenization/bigscience-catalogue-lm-data/lm_pt_wikivoyage_filtered/data,filter_wiki_user_titles filter_wiki_non_text_type,
bigscience-catalogue-lm-data/lm_pt_qedcorpus,,
/gpfswork/rech/six/uty16tp/dataset/tokenization/bigscience-catalogue-lm-data/lm_pt_wikiquote_filtered/data,filter_wiki_user_titles filter_wiki_non_text_type,
/gpfswork/rech/six/uty16tp/dataset/tokenization/bigscience-catalogue-lm-data/lm_pt_wikiversity_filtered/data,filter_wiki_user_titles filter_wiki_non_text_type,
/gpfswork/rech/six/uty16tp/dataset/tokenization/bigscience-catalogue-lm-data/lm_pt_wikibooks_filtered/data,filter_wiki_user_titles filter_wiki_non_text_type,
bigscience-catalogue-lm-data/lm_pt_opus100,,
/gpfswork/rech/six/uty16tp/dataset/tokenization/bigscience-catalogue-lm-data/lm_pt_wikinews_filtered/data,filter_wiki_user_titles filter_wiki_non_text_type,
bigscience-catalogue-lm-data/lm_pt_project_gutenberg,,
bigscience-catalogue-lm-data/lm_pt_ted_talks_iwslt,,
/gpfswork/rech/six/uty16tp/dataset/tokenization/bigscience-catalogue-lm-data/lm_pt_wiktionary_filtered/data,filter_wiki_user_titles filter_wiki_non_text_type,
/gpfswork/rech/six/uty16tp/dataset/tokenization/bigscience-catalogue-lm-data/lm_pt_pseudocrawl-filtered_672_pt_globalvoices_org,remove_lines_with_code,
/gpfswork/rech/six/uty16tp/dataset/tokenization/bigscience-catalogue-lm-data/lm_pt_wikisource_filtered/data,filter_wiki_user_titles filter_wiki_non_text_type,
bigscience-catalogue-lm-data/lm_pt_the_pile_europarl,,
bigscience-catalogue-lm-data/lm_pt_scielo,,
/gpfswork/rech/six/uty16tp/dataset/tokenization/bigscience-catalogue-lm-data/lm_pt_wikipedia/data,filter_wiki_user_titles,
bigscience-catalogue-lm-data/lm_pt_open_subtitles,,
bigscience-catalogue-lm-data/lm_pt_brwac,,
bigscience-catalogue-lm-data/lm_vi_bloom,,
bigscience-catalogue-lm-data/lm_vi_uit_vsmec,,
bigscience-catalogue-lm-data/lm_vi_vietnamese_students_feedback,,
/gpfswork/rech/six/uty16tp/dataset/tokenization/bigscience-catalogue-lm-data/lm_vi_wikiquote_filtered/data,filter_wiki_user_titles filter_wiki_non_text_type,
bigscience-catalogue-lm-data/lm_vi_vinbigdata_asr_vlsp_2020,,
/gpfswork/rech/six/uty16tp/dataset/tokenization/bigscience-catalogue-lm-data/lm_vi_wikivoyage_filtered/data,filter_wiki_user_titles filter_wiki_non_text_type,
bigscience-catalogue-lm-data/lm_vi_opus100,,
bigscience-catalogue-lm-data/lm_vi_ted_talks_iwslt,,
/gpfswork/rech/six/uty16tp/dataset/tokenization/bigscience-catalogue-lm-data/lm_vi_wikibooks_filtered/data,filter_wiki_user_titles filter_wiki_non_text_type,
bigscience-catalogue-lm-data/lm_vi_data_on_covid_19_news_coverage_in_vietnam,,
bigscience-catalogue-lm-data/lm_vi_vietnamese_poetry,,
/gpfswork/rech/six/uty16tp/dataset/tokenization/bigscience-catalogue-lm-data/lm_vi_wiktionary_filtered/data,filter_wiki_user_titles filter_wiki_non_text_type,
/gpfswork/rech/six/uty16tp/dataset/tokenization/bigscience-catalogue-lm-data/lm_vi_wikisource_filtered/data,filter_wiki_user_titles filter_wiki_non_text_type,
bigscience-catalogue-lm-data/lm_vi_open_subtitles,,
bigscience-catalogue-lm-data/lm_vi_vntq_corpus_big,,
bigscience-catalogue-lm-data/lm_vi_vinbigdata_mt_vlsp_2020,,
/gpfswork/rech/six/uty16tp/dataset/tokenization/bigscience-catalogue-lm-data/lm_vi_wikipedia/data,filter_wiki_user_titles,
bigscience-catalogue-lm-data/lm_vi_vietai_sat,,
bigscience-catalogue-lm-data/lm_vi_vinbigdata_monolingual_vlsp_2020,,
bigscience-catalogue-lm-data/lm_vi_binhvq_news_corpus,,
bigscience-catalogue-lm-data/lm_zh_bloom,,
/gpfswork/rech/six/uty16tp/dataset/tokenization/bigscience-catalogue-lm-data/lm_zh_wikiquote_filtered/data,filter_wiki_user_titles filter_wiki_non_text_type,
/gpfswork/rech/six/uty16tp/dataset/tokenization/bigscience-catalogue-lm-data/lm_zh_wikivoyage_filtered/data,filter_wiki_user_titles filter_wiki_non_text_type,
/gpfswork/rech/six/uty16tp/dataset/tokenization/bigscience-catalogue-lm-data/lm_zh_wikiversity_filtered/data,filter_wiki_user_titles filter_wiki_non_text_type,
/gpfswork/rech/six/uty16tp/dataset/tokenization/bigscience-catalogue-lm-data/lm_zh_wikibooks_filtered/data,filter_wiki_user_titles filter_wiki_non_text_type,
/gpfswork/rech/six/uty16tp/dataset/tokenization/bigscience-catalogue-lm-data/lm_zh_wikinews_filtered/data,filter_wiki_user_titles filter_wiki_non_text_type,
bigscience-catalogue-lm-data/lm_zh_ted_talks_iwslt,,
/gpfswork/rech/six/uty16tp/dataset/tokenization/bigscience-catalogue-lm-data/lm_zh_pseudocrawl-filtered_674_ai_baidu_com,remove_lines_with_code,
bigscience-catalogue-lm-data/lm_zh_project_gutenberg,,
/gpfswork/rech/six/uty16tp/dataset/tokenization/bigscience-catalogue-lm-data/lm_zh_pseudocrawl-filtered_503_www_zaobao_com_sg,remove_lines_with_code,
/gpfswork/rech/six/uty16tp/dataset/tokenization/bigscience-catalogue-lm-data/lm_zh_wiktionary_filtered/data,filter_wiki_user_titles filter_wiki_non_text_type,
bigscience-catalogue-lm-data/lm_zh_open_subtitles,,
bigscience-catalogue-lm-data/lm_zh_multi_un_2,,
bigscience-catalogue-lm-data/lm_zh_uncorpus,,
bigscience-catalogue-lm-data/lm_zh_du_reader,,
bigscience-catalogue-lm-data/lm_zh_wudaocorpora,,
bigscience-catalogue-lm-data/lm_zhs_qedcorpus,,
bigscience-catalogue-lm-data/lm_zht_qedcorpus,,
/gpfswork/rech/six/uty16tp/dataset/tokenization/bigscience-catalogue-lm-data/lm_zh-cn_wikipedia/data,filter_wiki_user_titles,
/gpfswork/rech/six/uty16tp/dataset/tokenization/bigscience-catalogue-lm-data/lm_zh-tw_wikipedia/data,filter_wiki_user_titles,
/gpfswork/rech/six/uty16tp/dataset/tokenization/bigscience-catalogue-lm-data/lm_code_stackexchange/data,,
/gpfswork/rech/six/uty16tp/dataset/tokenization/bigscience-catalogue-lm-data/lm_code_github-no-gpl,,
/gpfswork/rech/six/uty16tp/dataset/tokenization/bigscience-catalogue-lm-data/lm_nigercongo-sw_aggregated,,
/gpfswork/rech/six/uty16tp/dataset/tokenization/bigscience-catalogue-lm-data/lm_nigercongo-yo_aggregated,,
/gpfswork/rech/six/uty16tp/dataset/tokenization/bigscience-catalogue-lm-data/lm_nigercongo-rw_aggregated,,
/gpfswork/rech/six/uty16tp/dataset/tokenization/bigscience-catalogue-lm-data/lm_nigercongo-xh_aggregated,,
/gpfswork/rech/six/uty16tp/dataset/tokenization/bigscience-catalogue-lm-data/lm_nigercongo-ig_aggregated,,
/gpfswork/rech/six/uty16tp/dataset/tokenization/bigscience-catalogue-lm-data/lm_nigercongo-zu_aggregated,,
/gpfswork/rech/six/uty16tp/dataset/tokenization/bigscience-catalogue-lm-data/lm_nigercongo-sn_aggregated,,
/gpfswork/rech/six/uty16tp/dataset/tokenization/bigscience-catalogue-lm-data/lm_nigercongo-lg_aggregated,,
/gpfswork/rech/six/uty16tp/dataset/tokenization/bigscience-catalogue-lm-data/lm_nigercongo-wo_aggregated,,
/gpfswork/rech/six/uty16tp/dataset/tokenization/bigscience-catalogue-lm-data/lm_nigercongo-rn_aggregated,,
/gpfswork/rech/six/uty16tp/dataset/tokenization/bigscience-catalogue-lm-data/lm_nigercongo-fon_aggregated,,
/gpfswork/rech/six/uty16tp/dataset/tokenization/bigscience-catalogue-lm-data/lm_nigercongo-nso_aggregated,,
/gpfswork/rech/six/uty16tp/dataset/tokenization/bigscience-catalogue-lm-data/lm_nigercongo-ln_aggregated,,
/gpfswork/rech/six/uty16tp/dataset/tokenization/bigscience-catalogue-lm-data/lm_nigercongo-tn_aggregated,,
/gpfswork/rech/six/uty16tp/dataset/tokenization/bigscience-catalogue-lm-data/lm_nigercongo-tw_aggregated,,
/gpfswork/rech/six/uty16tp/dataset/tokenization/bigscience-catalogue-lm-data/lm_nigercongo-ny_aggregated,,
/gpfswork/rech/six/uty16tp/dataset/tokenization/bigscience-catalogue-lm-data/lm_nigercongo-st_aggregated,,
/gpfswork/rech/six/uty16tp/dataset/tokenization/bigscience-catalogue-lm-data/lm_nigercongo-ts_aggregated,,
/gpfswork/rech/six/uty16tp/dataset/tokenization/bigscience-catalogue-lm-data/lm_nigercongo-ak_aggregated,,
/gpfswork/rech/six/uty16tp/dataset/tokenization/bigscience-catalogue-lm-data/lm_nigercongo-bm_aggregated,,
/gpfswork/rech/six/uty16tp/dataset/tokenization/bigscience-catalogue-lm-data/lm_nigercongo-ki_aggregated,,
/gpfswork/rech/six/uty16tp/dataset/tokenization/bigscience-catalogue-lm-data/lm_nigercongo-tum_aggregated,,
bigscience-catalogue-lm-data/lm_en_a_million_news_headlines_abc_australia,KILL,low quality